{
  "timestamp": "2025-10-10T02:42:50.532Z",
  "metadata": {
    "node_version": "v22.14.0",
    "platform": "darwin",
    "arch": "arm64",
    "cpus": 10,
    "total_memory_gb": 64
  },
  "compilation": {
    "small": {
      "files": 1,
      "lines": 9,
      "canonicalize_ms": {
        "p50": 0.022,
        "p95": 0.072,
        "p99": 0.249
      },
      "lex_ms": {
        "p50": 0.025,
        "p95": 0.039,
        "p99": 0.169
      },
      "parse_ms": {
        "p50": 0.018,
        "p95": 0.128,
        "p99": 0.455
      },
      "lower_ms": {
        "p50": 0.002,
        "p95": 0.048,
        "p99": 0.099
      },
      "pipeline_ms": {
        "p50": 0.071,
        "p95": 0.295,
        "p99": 0.591
      }
    },
    "medium": {
      "files": 40,
      "lines": 3198,
      "canonicalize_ms": {
        "p50": 6.385,
        "p95": 8.896,
        "p99": 10.658
      },
      "lex_ms": {
        "p50": 3.731,
        "p95": 6.312,
        "p99": 8.629
      },
      "parse_ms": {
        "p50": 3.403,
        "p95": 5.806,
        "p99": 6.08
      },
      "lower_ms": {
        "p50": 0.422,
        "p95": 1.489,
        "p99": 2.321
      },
      "pipeline_ms": {
        "p50": 13.381,
        "p95": 21.805,
        "p99": 24.108
      }
    },
    "large": {
      "files": 1,
      "lines": 355,
      "canonicalize_ms": {
        "p50": 0.393,
        "p95": 0.458,
        "p99": 0.925
      },
      "lex_ms": {
        "p50": 0.248,
        "p95": 0.668,
        "p99": 0.677
      },
      "parse_ms": {
        "p50": 0.258,
        "p95": 0.281,
        "p99": 0.296
      },
      "lower_ms": {
        "p50": 0.018,
        "p95": 0.022,
        "p99": 0.33
      },
      "pipeline_ms": {
        "p50": 0.92,
        "p95": 1.423,
        "p99": 1.482
      }
    }
  },
  "lsp": {
    "small": {
      "files": 1,
      "lines": 9,
      "initialize_ms": 72.74912499999999,
      "hover": {
        "p50": 5000,
        "p95": 5000,
        "p99": 5000
      },
      "completion": {
        "p50": 0.36087500000576256,
        "p95": 1.7992898000011315,
        "p99": 2.5464251599987624
      },
      "diagnostics": {
        "p50": 0,
        "p95": 0,
        "p99": 0
      }
    },
    "medium": {
      "files": 40,
      "lines": 3198,
      "initialize_ms": 78.59987499999988,
      "hover": {
        "p50": 5000,
        "p95": 5000,
        "p99": 5000
      },
      "completion": {
        "p50": 0.43216699999175034,
        "p95": 1.8268475499833567,
        "p99": 2.3908023099860296
      },
      "diagnostics": {
        "p50": 0,
        "p95": 0,
        "p99": 0
      }
    },
    "large": {
      "files": 1,
      "lines": 355,
      "initialize_ms": 91.38029100000858,
      "hover": {
        "p50": 5000,
        "p95": 5000,
        "p99": 5000
      },
      "completion": {
        "p50": 0.38629200001014397,
        "p95": 1.8568812500248884,
        "p99": 2.268676250028075
      },
      "diagnostics": {
        "p50": 0,
        "p95": 0,
        "p99": 0
      }
    }
  },
  "thresholds": {
    "parse_p50_ms": 30,
    "greet_pipeline_ms": 5,
    "lsp_hover_p95_ms": 5750,
    "lsp_completion_p95_ms": 150
  },
  "passed": true,
  "failures": []
}