{
  "timestamp": "2025-10-08T22:14:22.960Z",
  "metadata": {
    "node_version": "v22.14.0",
    "platform": "darwin",
    "arch": "arm64",
    "cpus": 10,
    "total_memory_gb": 64
  },
  "compilation": {
    "small": {
      "files": 1,
      "lines": 9,
      "canonicalize_ms": {
        "p50": 0.026,
        "p95": 0.648,
        "p99": 0.648
      },
      "lex_ms": {
        "p50": 0.034,
        "p95": 0.455,
        "p99": 0.455
      },
      "parse_ms": {
        "p50": 0.123,
        "p95": 1.596,
        "p99": 1.596
      },
      "lower_ms": {
        "p50": 0.058,
        "p95": 0.446,
        "p99": 0.446
      },
      "pipeline_ms": {
        "p50": 0.276,
        "p95": 3.148,
        "p99": 3.148
      }
    },
    "medium": {
      "files": 40,
      "lines": 3198,
      "canonicalize_ms": {
        "p50": 6.752,
        "p95": 7.088,
        "p99": 7.088
      },
      "lex_ms": {
        "p50": 6.945,
        "p95": 10.148,
        "p99": 10.148
      },
      "parse_ms": {
        "p50": 6.514,
        "p95": 7.385,
        "p99": 7.385
      },
      "lower_ms": {
        "p50": 1.248,
        "p95": 1.892,
        "p99": 1.892
      },
      "pipeline_ms": {
        "p50": 21.462,
        "p95": 26.517,
        "p99": 26.517
      }
    },
    "large": {
      "files": 1,
      "lines": 355,
      "canonicalize_ms": {
        "p50": 0.64,
        "p95": 1.493,
        "p99": 1.493
      },
      "lex_ms": {
        "p50": 0.256,
        "p95": 1.761,
        "p99": 1.761
      },
      "parse_ms": {
        "p50": 0.477,
        "p95": 0.782,
        "p99": 0.782
      },
      "lower_ms": {
        "p50": 0.057,
        "p95": 0.11,
        "p99": 0.11
      },
      "pipeline_ms": {
        "p50": 1.379,
        "p95": 3.088,
        "p99": 3.088
      }
    }
  },
  "lsp": {
    "small": {
      "files": 1,
      "lines": 9,
      "initialize_ms": 67.651583,
      "hover": {
        "p50": 5000,
        "p95": 5000,
        "p99": 5000
      },
      "completion": {
        "p50": 1.3659584999986691,
        "p95": 2.127958999997645,
        "p99": 2.127958999997645
      },
      "diagnostics": {
        "p50": 0,
        "p95": 0,
        "p99": 0
      }
    },
    "medium": {
      "files": 40,
      "lines": 3198,
      "initialize_ms": 74.07491599999776,
      "hover": {
        "p50": 5000,
        "p95": 5000,
        "p99": 5000
      },
      "completion": {
        "p50": 1.359791499991843,
        "p95": 2.220707999993465,
        "p99": 2.220707999993465
      },
      "diagnostics": {
        "p50": 0,
        "p95": 0,
        "p99": 0
      }
    },
    "large": {
      "files": 1,
      "lines": 355,
      "initialize_ms": 78.22024999999849,
      "hover": {
        "p50": 5000,
        "p95": 5000,
        "p99": 5000
      },
      "completion": {
        "p50": 0.593333500000881,
        "p95": 0.9667499999923166,
        "p99": 0.9667499999923166
      },
      "diagnostics": {
        "p50": 0,
        "p95": 0,
        "p99": 0
      }
    }
  },
  "thresholds": {
    "parse_p50_ms": 30,
    "greet_pipeline_ms": 5,
    "lsp_hover_p95_ms": 5750,
    "lsp_completion_p95_ms": 150
  },
  "passed": false,
  "failures": [
    "Small parse p50 从 0.02ms 上升到 0.12ms（允许上限 0.02ms）",
    "Small pipeline p50 从 0.07ms 上升到 0.28ms（允许上限 0.09ms）",
    "Medium parse p50 从 3.64ms 上升到 6.51ms（允许上限 4.36ms）",
    "Large parse p50 从 0.30ms 上升到 0.48ms（允许上限 0.36ms）",
    "Small completion p95 从 0.60ms 上升到 2.13ms（允许上限 0.73ms）",
    "Medium completion p95 从 0.52ms 上升到 2.22ms（允许上限 0.62ms）"
  ]
}