{
  "timestamp": "2025-10-11T08:48:16.128Z",
  "metadata": {
    "node_version": "v22.14.0",
    "platform": "darwin",
    "arch": "arm64",
    "cpus": 10,
    "total_memory_gb": 64
  },
  "compilation": {
    "small": {
      "files": 1,
      "lines": 9,
      "canonicalize_ms": {
        "p50": 0.022,
        "p95": 0.043,
        "p99": 0.234
      },
      "lex_ms": {
        "p50": 0.025,
        "p95": 0.044,
        "p99": 0.206
      },
      "parse_ms": {
        "p50": 0.018,
        "p95": 0.179,
        "p99": 0.352
      },
      "lower_ms": {
        "p50": 0.002,
        "p95": 0.048,
        "p99": 0.14
      },
      "pipeline_ms": {
        "p50": 0.069,
        "p95": 0.314,
        "p99": 0.48
      }
    },
    "medium": {
      "files": 40,
      "lines": 3198,
      "canonicalize_ms": {
        "p50": 5.916,
        "p95": 8.789,
        "p99": 10.03
      },
      "lex_ms": {
        "p50": 3.748,
        "p95": 6.564,
        "p99": 8.747
      },
      "parse_ms": {
        "p50": 3.665,
        "p95": 6.295,
        "p99": 6.504
      },
      "lower_ms": {
        "p50": 0.445,
        "p95": 1.597,
        "p99": 2.466
      },
      "pipeline_ms": {
        "p50": 13.188,
        "p95": 22.12,
        "p99": 25.094
      }
    },
    "large": {
      "files": 1,
      "lines": 355,
      "canonicalize_ms": {
        "p50": 0.391,
        "p95": 0.778,
        "p99": 0.916
      },
      "lex_ms": {
        "p50": 0.241,
        "p95": 0.293,
        "p99": 0.701
      },
      "parse_ms": {
        "p50": 0.281,
        "p95": 0.312,
        "p99": 0.616
      },
      "lower_ms": {
        "p50": 0.018,
        "p95": 0.022,
        "p99": 0.03
      },
      "pipeline_ms": {
        "p50": 0.931,
        "p95": 1.473,
        "p99": 1.492
      }
    }
  },
  "lsp": {
    "small": {
      "files": 1,
      "lines": 9,
      "initialize_ms": 72.37433300000001,
      "hover": {
        "p50": 0.6741460000012012,
        "p95": 0.8725410000010014,
        "p99": 0.8752410000008967
      },
      "completion": {
        "p50": 0.2924794999998994,
        "p95": 0.39437065000129223,
        "p99": 0.40034053000017594
      },
      "diagnostics": {
        "p50": 0,
        "p95": 0,
        "p99": 0
      }
    },
    "medium": {
      "files": 40,
      "lines": 3198,
      "initialize_ms": 79.234375,
      "hover": {
        "p50": 0.49302150000221445,
        "p95": 0.68134200000095,
        "p99": 0.708701999998666
      },
      "completion": {
        "p50": 0.24472899999818765,
        "p95": 0.6129249999947203,
        "p99": 0.723084999993589
      },
      "diagnostics": {
        "p50": 0,
        "p95": 0,
        "p99": 0
      }
    },
    "large": {
      "files": 1,
      "lines": 355,
      "initialize_ms": 81.23050000000512,
      "hover": {
        "p50": 0.4032920000026934,
        "p95": 1.3606269000054452,
        "p99": 1.4660917800074094
      },
      "completion": {
        "p50": 0.20229099999414757,
        "p95": 0.26582049999924495,
        "p99": 0.271130500005238
      },
      "diagnostics": {
        "p50": 0,
        "p95": 0,
        "p99": 0
      }
    }
  },
  "thresholds": {
    "parse_p50_ms": 30,
    "greet_pipeline_ms": 5,
    "lsp_hover_p95_ms": 100,
    "lsp_completion_p95_ms": 150
  },
  "passed": true,
  "failures": []
}