{
  "timestamp": "2025-10-10T03:35:31.654Z",
  "metadata": {
    "node_version": "v22.14.0",
    "platform": "darwin",
    "arch": "arm64",
    "cpus": 10,
    "total_memory_gb": 64
  },
  "compilation": {
    "small": {
      "files": 1,
      "lines": 9,
      "canonicalize_ms": {
        "p50": 0.021,
        "p95": 0.036,
        "p99": 0.097
      },
      "lex_ms": {
        "p50": 0.024,
        "p95": 0.038,
        "p99": 0.245
      },
      "parse_ms": {
        "p50": 0.017,
        "p95": 0.146,
        "p99": 0.334
      },
      "lower_ms": {
        "p50": 0.002,
        "p95": 0.053,
        "p99": 0.131
      },
      "pipeline_ms": {
        "p50": 0.068,
        "p95": 0.246,
        "p99": 0.553
      }
    },
    "medium": {
      "files": 40,
      "lines": 3198,
      "canonicalize_ms": {
        "p50": 6.384,
        "p95": 8.926,
        "p99": 10.692
      },
      "lex_ms": {
        "p50": 3.959,
        "p95": 6.431,
        "p99": 8.619
      },
      "parse_ms": {
        "p50": 3.323,
        "p95": 5.795,
        "p99": 6.256
      },
      "lower_ms": {
        "p50": 0.42,
        "p95": 1.371,
        "p99": 2.134
      },
      "pipeline_ms": {
        "p50": 13.484,
        "p95": 21.971,
        "p99": 24.26
      }
    },
    "large": {
      "files": 1,
      "lines": 355,
      "canonicalize_ms": {
        "p50": 0.382,
        "p95": 0.798,
        "p99": 0.841
      },
      "lex_ms": {
        "p50": 0.254,
        "p95": 0.314,
        "p99": 0.706
      },
      "parse_ms": {
        "p50": 0.254,
        "p95": 0.277,
        "p99": 0.491
      },
      "lower_ms": {
        "p50": 0.018,
        "p95": 0.021,
        "p99": 0.022
      },
      "pipeline_ms": {
        "p50": 0.91,
        "p95": 1.372,
        "p99": 1.429
      }
    }
  },
  "lsp": {
    "small": {
      "files": 1,
      "lines": 9,
      "initialize_ms": 71.932541,
      "hover": {
        "p50": 5000,
        "p95": 5000,
        "p99": 5000
      },
      "completion": {
        "p50": 0.5410629999969387,
        "p95": 1.7170831499992332,
        "p99": 2.206083029997972
      },
      "diagnostics": {
        "p50": 0,
        "p95": 0,
        "p99": 0
      }
    },
    "medium": {
      "files": 40,
      "lines": 3198,
      "initialize_ms": 80.63908300000185,
      "hover": {
        "p50": 5000,
        "p95": 5000,
        "p99": 5000
      },
      "completion": {
        "p50": 0.4694370000070194,
        "p95": 2.1740652499953264,
        "p99": 2.9078802499966696
      },
      "diagnostics": {
        "p50": 0,
        "p95": 0,
        "p99": 0
      }
    },
    "large": {
      "files": 1,
      "lines": 355,
      "initialize_ms": 85.92554200001177,
      "hover": {
        "p50": 5000,
        "p95": 5000,
        "p99": 5000
      },
      "completion": {
        "p50": 0.35612499999115244,
        "p95": 2.2974064000038177,
        "p99": 2.920281280001509
      },
      "diagnostics": {
        "p50": 0,
        "p95": 0,
        "p99": 0
      }
    }
  },
  "thresholds": {
    "parse_p50_ms": 30,
    "greet_pipeline_ms": 5,
    "lsp_hover_p95_ms": 5750,
    "lsp_completion_p95_ms": 150
  },
  "passed": true,
  "failures": []
}