{
  "timestamp": "2025-10-10T11:22:28.112Z",
  "metadata": {
    "node_version": "v22.14.0",
    "platform": "darwin",
    "arch": "arm64",
    "cpus": 10,
    "total_memory_gb": 64
  },
  "compilation": {
    "small": {
      "files": 1,
      "lines": 9,
      "canonicalize_ms": {
        "p50": 0.022,
        "p95": 0.037,
        "p99": 0.096
      },
      "lex_ms": {
        "p50": 0.025,
        "p95": 0.039,
        "p99": 0.231
      },
      "parse_ms": {
        "p50": 0.018,
        "p95": 0.139,
        "p99": 0.313
      },
      "lower_ms": {
        "p50": 0.003,
        "p95": 0.048,
        "p99": 0.094
      },
      "pipeline_ms": {
        "p50": 0.07,
        "p95": 0.252,
        "p99": 0.543
      }
    },
    "medium": {
      "files": 40,
      "lines": 3198,
      "canonicalize_ms": {
        "p50": 5.771,
        "p95": 8.716,
        "p99": 10.103
      },
      "lex_ms": {
        "p50": 3.847,
        "p95": 6.686,
        "p99": 9.078
      },
      "parse_ms": {
        "p50": 3.369,
        "p95": 5.737,
        "p99": 6.059
      },
      "lower_ms": {
        "p50": 0.435,
        "p95": 1.276,
        "p99": 1.945
      },
      "pipeline_ms": {
        "p50": 13.034,
        "p95": 21.904,
        "p99": 24.21
      }
    },
    "large": {
      "files": 1,
      "lines": 355,
      "canonicalize_ms": {
        "p50": 0.381,
        "p95": 0.868,
        "p99": 0.963
      },
      "lex_ms": {
        "p50": 0.258,
        "p95": 0.69,
        "p99": 0.706
      },
      "parse_ms": {
        "p50": 0.259,
        "p95": 0.284,
        "p99": 0.303
      },
      "lower_ms": {
        "p50": 0.018,
        "p95": 0.021,
        "p99": 0.023
      },
      "pipeline_ms": {
        "p50": 0.918,
        "p95": 1.423,
        "p99": 1.519
      }
    }
  },
  "lsp": {
    "small": {
      "files": 1,
      "lines": 9,
      "initialize_ms": 73.28233399999999,
      "hover": {
        "p50": 0,
        "p95": 0,
        "p99": 0
      },
      "completion": {
        "p50": 0.6002499999995052,
        "p95": 1.532433550000314,
        "p99": 1.6915539100001116
      },
      "diagnostics": {
        "p50": 0,
        "p95": 0,
        "p99": 0
      }
    },
    "medium": {
      "files": 40,
      "lines": 3198,
      "initialize_ms": 79.2252499999995,
      "hover": {
        "p50": 0,
        "p95": 0,
        "p99": 0
      },
      "completion": {
        "p50": 0.5381875000020955,
        "p95": 1.3559559499983145,
        "p99": 1.6263911899963568
      },
      "diagnostics": {
        "p50": 0,
        "p95": 0,
        "p99": 0
      }
    },
    "large": {
      "files": 1,
      "lines": 355,
      "initialize_ms": 82.27116699999897,
      "hover": {
        "p50": 0,
        "p95": 0,
        "p99": 0
      },
      "completion": {
        "p50": 0.34641699999338016,
        "p95": 1.0283603000061696,
        "p99": 1.2804056600100013
      },
      "diagnostics": {
        "p50": 0,
        "p95": 0,
        "p99": 0
      }
    }
  },
  "thresholds": {
    "parse_p50_ms": 30,
    "greet_pipeline_ms": 5,
    "lsp_hover_p95_ms": 100,
    "lsp_completion_p95_ms": 150
  },
  "passed": false,
  "failures": [
    "Small completion p95 从 1.16ms 上升到 1.53ms（允许上限 1.39ms）"
  ]
}