{
  "timestamp": "2025-10-09T06:39:36.399Z",
  "metadata": {
    "node_version": "v22.14.0",
    "platform": "darwin",
    "arch": "arm64",
    "cpus": 10,
    "total_memory_gb": 64
  },
  "compilation": {
    "small": {
      "files": 1,
      "lines": 9,
      "canonicalize_ms": {
        "p50": 0.022,
        "p95": 0.045,
        "p99": 0.178
      },
      "lex_ms": {
        "p50": 0.025,
        "p95": 0.041,
        "p99": 0.413
      },
      "parse_ms": {
        "p50": 0.018,
        "p95": 0.14,
        "p99": 0.499
      },
      "lower_ms": {
        "p50": 0.002,
        "p95": 0.069,
        "p99": 0.143
      },
      "pipeline_ms": {
        "p50": 0.069,
        "p95": 0.316,
        "p99": 0.724
      }
    },
    "medium": {
      "files": 40,
      "lines": 3198,
      "canonicalize_ms": {
        "p50": 6.193,
        "p95": 8.552,
        "p99": 9.502
      },
      "lex_ms": {
        "p50": 3.756,
        "p95": 6.539,
        "p99": 9.002
      },
      "parse_ms": {
        "p50": 3.712,
        "p95": 6.026,
        "p99": 6.656
      },
      "lower_ms": {
        "p50": 0.414,
        "p95": 1.158,
        "p99": 1.617
      },
      "pipeline_ms": {
        "p50": 13.52,
        "p95": 21.388,
        "p99": 24.13
      }
    },
    "large": {
      "files": 1,
      "lines": 355,
      "canonicalize_ms": {
        "p50": 0.384,
        "p95": 0.795,
        "p99": 0.838
      },
      "lex_ms": {
        "p50": 0.239,
        "p95": 0.655,
        "p99": 0.734
      },
      "parse_ms": {
        "p50": 0.285,
        "p95": 0.303,
        "p99": 0.339
      },
      "lower_ms": {
        "p50": 0.012,
        "p95": 0.015,
        "p99": 0.015
      },
      "pipeline_ms": {
        "p50": 0.923,
        "p95": 1.412,
        "p99": 1.446
      }
    }
  },
  "lsp": {
    "small": {
      "files": 1,
      "lines": 9,
      "initialize_ms": 70.74612499999999,
      "hover": {
        "p50": 5000,
        "p95": 5000,
        "p99": 5000
      },
      "completion": {
        "p50": 0.4195204999996349,
        "p95": 2.129231100005562,
        "p99": 2.7061462200083772
      },
      "diagnostics": {
        "p50": 0,
        "p95": 0,
        "p99": 0
      }
    },
    "medium": {
      "files": 40,
      "lines": 3198,
      "initialize_ms": 76.69345799999428,
      "hover": {
        "p50": 5000,
        "p95": 5000,
        "p99": 5000
      },
      "completion": {
        "p50": 0.3660209999943618,
        "p95": 1.0195399500109483,
        "p99": 1.208075190021773
      },
      "diagnostics": {
        "p50": 0,
        "p95": 0,
        "p99": 0
      }
    },
    "large": {
      "files": 1,
      "lines": 355,
      "initialize_ms": 86.65858399998979,
      "hover": {
        "p50": 5000,
        "p95": 5000,
        "p99": 5000
      },
      "completion": {
        "p50": 0.3659169999882579,
        "p95": 2.8993499999953185,
        "p99": 3.359969999996829
      },
      "diagnostics": {
        "p50": 0,
        "p95": 0,
        "p99": 0
      }
    }
  },
  "thresholds": {
    "parse_p50_ms": 30,
    "greet_pipeline_ms": 5,
    "lsp_hover_p95_ms": 5750,
    "lsp_completion_p95_ms": 150
  },
  "passed": true,
  "failures": []
}