{
  "timestamp": "2025-10-11T09:50:03.753Z",
  "metadata": {
    "node_version": "v22.14.0",
    "platform": "darwin",
    "arch": "arm64",
    "cpus": 10,
    "total_memory_gb": 64
  },
  "compilation": {
    "small": {
      "files": 1,
      "lines": 9,
      "canonicalize_ms": {
        "p50": 0.022,
        "p95": 0.044,
        "p99": 0.35
      },
      "lex_ms": {
        "p50": 0.025,
        "p95": 0.043,
        "p99": 0.22
      },
      "parse_ms": {
        "p50": 0.019,
        "p95": 0.177,
        "p99": 0.371
      },
      "lower_ms": {
        "p50": 0.002,
        "p95": 0.047,
        "p99": 0.097
      },
      "pipeline_ms": {
        "p50": 0.071,
        "p95": 0.295,
        "p99": 0.792
      }
    },
    "medium": {
      "files": 40,
      "lines": 3198,
      "canonicalize_ms": {
        "p50": 6.203,
        "p95": 8.94,
        "p99": 10.315
      },
      "lex_ms": {
        "p50": 3.836,
        "p95": 6.761,
        "p99": 9.239
      },
      "parse_ms": {
        "p50": 3.53,
        "p95": 6.332,
        "p99": 7.116
      },
      "lower_ms": {
        "p50": 0.444,
        "p95": 1.48,
        "p99": 2.311
      },
      "pipeline_ms": {
        "p50": 13.522,
        "p95": 23.051,
        "p99": 26.394
      }
    },
    "large": {
      "files": 1,
      "lines": 355,
      "canonicalize_ms": {
        "p50": 0.395,
        "p95": 0.847,
        "p99": 0.938
      },
      "lex_ms": {
        "p50": 0.246,
        "p95": 0.299,
        "p99": 0.779
      },
      "parse_ms": {
        "p50": 0.282,
        "p95": 0.337,
        "p99": 0.598
      },
      "lower_ms": {
        "p50": 0.02,
        "p95": 0.028,
        "p99": 0.03
      },
      "pipeline_ms": {
        "p50": 0.952,
        "p95": 1.515,
        "p99": 1.546
      }
    }
  },
  "lsp": {
    "small": {
      "files": 1,
      "lines": 9,
      "initialize_ms": 73.336084,
      "hover": {
        "p50": 0.15477100000000377,
        "p95": 0.2552767499999959,
        "p99": 0.25982175000000096
      },
      "completion": {
        "p50": 0.12568749999999795,
        "p95": 0.23322720000000663,
        "p99": 0.25811184000000753
      },
      "diagnostics": {
        "p50": 1.1849794999999972,
        "p95": 6.172323249999998,
        "p99": 7.39729825
      }
    },
    "medium": {
      "files": 40,
      "lines": 3198,
      "initialize_ms": 73.024334,
      "hover": {
        "p50": 0.40414649999001995,
        "p95": 0.7303729499908513,
        "p99": 0.761408189991198
      },
      "completion": {
        "p50": 0.2665209999977378,
        "p95": 0.7622581499876099,
        "p99": 0.9969180299810252
      },
      "diagnostics": {
        "p50": 0,
        "p95": 0,
        "p99": 0
      }
    },
    "large": {
      "files": 1,
      "lines": 355,
      "initialize_ms": 82.19158299997798,
      "hover": {
        "p50": 0.29904150000947993,
        "p95": 0.45737935000361163,
        "p99": 0.5081094699972891
      },
      "completion": {
        "p50": 0.13702100000227802,
        "p95": 0.19086684998328562,
        "p99": 0.1965069699831656
      },
      "diagnostics": {
        "p50": 5.389916999993147,
        "p95": 15.596291750014643,
        "p99": 17.391258350023417
      }
    }
  },
  "thresholds": {
    "parse_p50_ms": 30,
    "greet_pipeline_ms": 5,
    "lsp_hover_p95_ms": 100,
    "lsp_completion_p95_ms": 150
  },
  "passed": false,
  "failures": [
    "Medium completion p95 从 0.61ms 上升到 0.76ms（允许上限 0.74ms）"
  ]
}