{
  "timestamp": "2025-10-10T19:15:04.332Z",
  "metadata": {
    "node_version": "v22.14.0",
    "platform": "darwin",
    "arch": "arm64",
    "cpus": 10,
    "total_memory_gb": 64
  },
  "compilation": {
    "small": {
      "files": 1,
      "lines": 9,
      "canonicalize_ms": {
        "p50": 0.022,
        "p95": 0.037,
        "p99": 0.099
      },
      "lex_ms": {
        "p50": 0.025,
        "p95": 0.039,
        "p99": 0.229
      },
      "parse_ms": {
        "p50": 0.019,
        "p95": 0.177,
        "p99": 0.329
      },
      "lower_ms": {
        "p50": 0.002,
        "p95": 0.049,
        "p99": 0.169
      },
      "pipeline_ms": {
        "p50": 0.07,
        "p95": 0.306,
        "p99": 0.421
      }
    },
    "medium": {
      "files": 40,
      "lines": 3198,
      "canonicalize_ms": {
        "p50": 6.243,
        "p95": 9.202,
        "p99": 11.208
      },
      "lex_ms": {
        "p50": 3.687,
        "p95": 6.365,
        "p99": 8.601
      },
      "parse_ms": {
        "p50": 3.439,
        "p95": 6.2,
        "p99": 7.009
      },
      "lower_ms": {
        "p50": 0.427,
        "p95": 0.79,
        "p99": 0.958
      },
      "pipeline_ms": {
        "p50": 13.223,
        "p95": 22.234,
        "p99": 23.679
      }
    },
    "large": {
      "files": 1,
      "lines": 355,
      "canonicalize_ms": {
        "p50": 0.39,
        "p95": 0.462,
        "p99": 0.9
      },
      "lex_ms": {
        "p50": 0.243,
        "p95": 0.635,
        "p99": 0.722
      },
      "parse_ms": {
        "p50": 0.271,
        "p95": 0.289,
        "p99": 0.303
      },
      "lower_ms": {
        "p50": 0.018,
        "p95": 0.024,
        "p99": 0.367
      },
      "pipeline_ms": {
        "p50": 0.922,
        "p95": 1.463,
        "p99": 1.491
      }
    }
  },
  "lsp": {
    "small": {
      "files": 1,
      "lines": 9,
      "initialize_ms": 72.1655,
      "hover": {
        "p50": 0,
        "p95": 0,
        "p99": 0
      },
      "completion": {
        "p50": 0.37922900000012305,
        "p95": 0.973212349998721,
        "p99": 0.9897424699998374
      },
      "diagnostics": {
        "p50": 0,
        "p95": 0,
        "p99": 0
      }
    },
    "medium": {
      "files": 40,
      "lines": 3198,
      "initialize_ms": 78.9690840000003,
      "hover": {
        "p50": 0,
        "p95": 0,
        "p99": 0
      },
      "completion": {
        "p50": 0.6049585000000661,
        "p95": 1.3143748499998757,
        "p99": 1.5552749699998822
      },
      "diagnostics": {
        "p50": 0,
        "p95": 0,
        "p99": 0
      }
    },
    "large": {
      "files": 1,
      "lines": 355,
      "initialize_ms": 83.38654099999985,
      "hover": {
        "p50": 0,
        "p95": 0,
        "p99": 0
      },
      "completion": {
        "p50": 0.46664549999695737,
        "p95": 1.6250520499917909,
        "p99": 1.7005768099921987
      },
      "diagnostics": {
        "p50": 0,
        "p95": 0,
        "p99": 0
      }
    }
  },
  "thresholds": {
    "parse_p50_ms": 30,
    "greet_pipeline_ms": 5,
    "lsp_hover_p95_ms": 100,
    "lsp_completion_p95_ms": 150
  },
  "passed": true,
  "failures": []
}