{
  "timestamp": "2025-10-09T00:26:12.839Z",
  "metadata": {
    "node_version": "v22.14.0",
    "platform": "darwin",
    "arch": "arm64",
    "cpus": 10,
    "total_memory_gb": 64
  },
  "compilation": {
    "small": {
      "files": 1,
      "lines": 9,
      "canonicalize_ms": {
        "p50": 0.023,
        "p95": 0.037,
        "p99": 0.234
      },
      "lex_ms": {
        "p50": 0.026,
        "p95": 0.049,
        "p99": 0.224
      },
      "parse_ms": {
        "p50": 0.019,
        "p95": 0.133,
        "p99": 0.446
      },
      "lower_ms": {
        "p50": 0.002,
        "p95": 0.053,
        "p99": 0.107
      },
      "pipeline_ms": {
        "p50": 0.074,
        "p95": 0.303,
        "p99": 0.541
      }
    },
    "medium": {
      "files": 40,
      "lines": 3198,
      "canonicalize_ms": {
        "p50": 6.228,
        "p95": 8.62,
        "p99": 9.893
      },
      "lex_ms": {
        "p50": 3.72,
        "p95": 6.541,
        "p99": 9.017
      },
      "parse_ms": {
        "p50": 3.639,
        "p95": 5.86,
        "p99": 6.332
      },
      "lower_ms": {
        "p50": 0.362,
        "p95": 1.47,
        "p99": 2.294
      },
      "pipeline_ms": {
        "p50": 13.439,
        "p95": 21.912,
        "p99": 24.697
      }
    },
    "large": {
      "files": 1,
      "lines": 355,
      "canonicalize_ms": {
        "p50": 0.39,
        "p95": 0.808,
        "p99": 0.992
      },
      "lex_ms": {
        "p50": 0.243,
        "p95": 0.702,
        "p99": 0.795
      },
      "parse_ms": {
        "p50": 0.287,
        "p95": 0.317,
        "p99": 0.344
      },
      "lower_ms": {
        "p50": 0.012,
        "p95": 0.015,
        "p99": 0.016
      },
      "pipeline_ms": {
        "p50": 0.937,
        "p95": 1.503,
        "p99": 1.614
      }
    }
  },
  "lsp": {
    "small": {
      "files": 1,
      "lines": 9,
      "initialize_ms": 67.20625000000001,
      "hover": {
        "p50": 5000,
        "p95": 5000,
        "p99": 5000
      },
      "completion": {
        "p50": 0.348979500005953,
        "p95": 2.2788062500054345,
        "p99": 2.9321612500093766
      },
      "diagnostics": {
        "p50": 0,
        "p95": 0,
        "p99": 0
      }
    },
    "medium": {
      "files": 40,
      "lines": 3198,
      "initialize_ms": 74.5343339999963,
      "hover": {
        "p50": 5000,
        "p95": 5000,
        "p99": 5000
      },
      "completion": {
        "p50": 0.33114550000755116,
        "p95": 1.8726769000015322,
        "p99": 2.433901780004671
      },
      "diagnostics": {
        "p50": 0,
        "p95": 0,
        "p99": 0
      }
    },
    "large": {
      "files": 1,
      "lines": 355,
      "initialize_ms": 81.2251249999972,
      "hover": {
        "p50": 5000,
        "p95": 5000,
        "p99": 5000
      },
      "completion": {
        "p50": 0.125625000015134,
        "p95": 0.378443600022001,
        "p99": 0.4465887200308498
      },
      "diagnostics": {
        "p50": 0,
        "p95": 0,
        "p99": 0
      }
    }
  },
  "thresholds": {
    "parse_p50_ms": 30,
    "greet_pipeline_ms": 5,
    "lsp_hover_p95_ms": 5750,
    "lsp_completion_p95_ms": 150
  },
  "passed": true,
  "failures": []
}