{
  "timestamp": "2025-10-11T05:40:17.278Z",
  "metadata": {
    "node_version": "v22.14.0",
    "platform": "darwin",
    "arch": "arm64",
    "cpus": 10,
    "total_memory_gb": 64
  },
  "compilation": {
    "small": {
      "files": 1,
      "lines": 9,
      "canonicalize_ms": {
        "p50": 0.022,
        "p95": 0.049,
        "p99": 0.268
      },
      "lex_ms": {
        "p50": 0.025,
        "p95": 0.04,
        "p99": 0.317
      },
      "parse_ms": {
        "p50": 0.019,
        "p95": 0.172,
        "p99": 0.343
      },
      "lower_ms": {
        "p50": 0.002,
        "p95": 0.05,
        "p99": 0.24
      },
      "pipeline_ms": {
        "p50": 0.07,
        "p95": 0.358,
        "p99": 0.496
      }
    },
    "medium": {
      "files": 40,
      "lines": 3198,
      "canonicalize_ms": {
        "p50": 7.02,
        "p95": 9.586,
        "p99": 11.102
      },
      "lex_ms": {
        "p50": 4.139,
        "p95": 6.982,
        "p99": 9.456
      },
      "parse_ms": {
        "p50": 3.666,
        "p95": 7.353,
        "p99": 8.48
      },
      "lower_ms": {
        "p50": 0.478,
        "p95": 0.898,
        "p99": 1.115
      },
      "pipeline_ms": {
        "p50": 15.124,
        "p95": 24.118,
        "p99": 26.655
      }
    },
    "large": {
      "files": 1,
      "lines": 355,
      "canonicalize_ms": {
        "p50": 0.409,
        "p95": 0.451,
        "p99": 0.746
      },
      "lex_ms": {
        "p50": 0.255,
        "p95": 0.711,
        "p99": 0.87
      },
      "parse_ms": {
        "p50": 0.289,
        "p95": 0.347,
        "p99": 0.624
      },
      "lower_ms": {
        "p50": 0.02,
        "p95": 0.025,
        "p99": 0.312
      },
      "pipeline_ms": {
        "p50": 0.982,
        "p95": 1.518,
        "p99": 1.596
      }
    }
  },
  "lsp": {
    "small": {
      "files": 1,
      "lines": 9,
      "initialize_ms": 76.881959,
      "hover": {
        "p50": 0,
        "p95": 0,
        "p99": 0
      },
      "completion": {
        "p50": 0.46468800000002375,
        "p95": 1.151001750000432,
        "p99": 1.3092667500000972
      },
      "diagnostics": {
        "p50": 0,
        "p95": 0,
        "p99": 0
      }
    },
    "medium": {
      "files": 40,
      "lines": 3198,
      "initialize_ms": 79.4651249999988,
      "hover": {
        "p50": 0,
        "p95": 0,
        "p99": 0
      },
      "completion": {
        "p50": 0.4427294999950391,
        "p95": 1.2023645500026754,
        "p99": 1.3773393100014073
      },
      "diagnostics": {
        "p50": 0,
        "p95": 0,
        "p99": 0
      }
    },
    "large": {
      "files": 1,
      "lines": 355,
      "initialize_ms": 80.01245899999776,
      "hover": {
        "p50": 0,
        "p95": 0,
        "p99": 0
      },
      "completion": {
        "p50": 0.5037709999960498,
        "p95": 1.0866659999977848,
        "p99": 1.3467660000042816
      },
      "diagnostics": {
        "p50": 0,
        "p95": 0,
        "p99": 0
      }
    }
  },
  "thresholds": {
    "parse_p50_ms": 30,
    "greet_pipeline_ms": 5,
    "lsp_hover_p95_ms": 100,
    "lsp_completion_p95_ms": 150
  },
  "passed": false,
  "failures": [
    "Small completion p95 从 0.70ms 上升到 1.15ms（允许上限 0.84ms）",
    "Medium completion p95 从 0.97ms 上升到 1.20ms（允许上限 1.17ms）"
  ]
}