{
  "timestamp": "2025-10-10T06:13:58.019Z",
  "metadata": {
    "node_version": "v22.14.0",
    "platform": "darwin",
    "arch": "arm64",
    "cpus": 10,
    "total_memory_gb": 64
  },
  "compilation": {
    "small": {
      "files": 1,
      "lines": 9,
      "canonicalize_ms": {
        "p50": 0.022,
        "p95": 0.053,
        "p99": 0.234
      },
      "lex_ms": {
        "p50": 0.024,
        "p95": 0.042,
        "p99": 0.261
      },
      "parse_ms": {
        "p50": 0.017,
        "p95": 0.142,
        "p99": 0.368
      },
      "lower_ms": {
        "p50": 0.002,
        "p95": 0.056,
        "p99": 0.112
      },
      "pipeline_ms": {
        "p50": 0.069,
        "p95": 0.316,
        "p99": 0.501
      }
    },
    "medium": {
      "files": 40,
      "lines": 3198,
      "canonicalize_ms": {
        "p50": 6.234,
        "p95": 9.435,
        "p99": 11.693
      },
      "lex_ms": {
        "p50": 3.834,
        "p95": 6.612,
        "p99": 8.856
      },
      "parse_ms": {
        "p50": 3.32,
        "p95": 5.919,
        "p99": 6.587
      },
      "lower_ms": {
        "p50": 0.459,
        "p95": 0.789,
        "p99": 0.961
      },
      "pipeline_ms": {
        "p50": 13.476,
        "p95": 22.463,
        "p99": 23.882
      }
    },
    "large": {
      "files": 1,
      "lines": 355,
      "canonicalize_ms": {
        "p50": 0.383,
        "p95": 0.785,
        "p99": 0.869
      },
      "lex_ms": {
        "p50": 0.254,
        "p95": 0.69,
        "p99": 0.734
      },
      "parse_ms": {
        "p50": 0.255,
        "p95": 0.285,
        "p99": 0.3
      },
      "lower_ms": {
        "p50": 0.018,
        "p95": 0.022,
        "p99": 0.024
      },
      "pipeline_ms": {
        "p50": 0.913,
        "p95": 1.381,
        "p99": 1.456
      }
    }
  },
  "lsp": {
    "small": {
      "files": 1,
      "lines": 9,
      "initialize_ms": 74.004417,
      "hover": {
        "p50": 0,
        "p95": 0,
        "p99": 0
      },
      "completion": {
        "p50": 0.4942914999992354,
        "p95": 1.1557795000015172,
        "p99": 1.2951895000014337
      },
      "diagnostics": {
        "p50": 0,
        "p95": 0,
        "p99": 0
      }
    },
    "medium": {
      "files": 40,
      "lines": 3198,
      "initialize_ms": 81.24608300000182,
      "hover": {
        "p50": 0,
        "p95": 0,
        "p99": 0
      },
      "completion": {
        "p50": 0.3983750000006694,
        "p95": 1.1735936000004579,
        "p99": 1.430918720000045
      },
      "diagnostics": {
        "p50": 0,
        "p95": 0,
        "p99": 0
      }
    },
    "large": {
      "files": 1,
      "lines": 355,
      "initialize_ms": 82.23629199999414,
      "hover": {
        "p50": 0,
        "p95": 0,
        "p99": 0
      },
      "completion": {
        "p50": 0.29181200000311946,
        "p95": 1.0655270500028564,
        "p99": 1.0823718099978579
      },
      "diagnostics": {
        "p50": 0,
        "p95": 0,
        "p99": 0
      }
    }
  },
  "thresholds": {
    "parse_p50_ms": 30,
    "greet_pipeline_ms": 5,
    "lsp_hover_p95_ms": 5750,
    "lsp_completion_p95_ms": 150
  },
  "passed": true,
  "failures": []
}