{
  "timestamp": "2025-10-10T20:30:24.807Z",
  "metadata": {
    "node_version": "v22.14.0",
    "platform": "darwin",
    "arch": "arm64",
    "cpus": 10,
    "total_memory_gb": 64
  },
  "compilation": {
    "small": {
      "files": 1,
      "lines": 9,
      "canonicalize_ms": {
        "p50": 0.022,
        "p95": 0.05,
        "p99": 0.264
      },
      "lex_ms": {
        "p50": 0.026,
        "p95": 0.041,
        "p99": 0.27
      },
      "parse_ms": {
        "p50": 0.019,
        "p95": 0.174,
        "p99": 0.395
      },
      "lower_ms": {
        "p50": 0.002,
        "p95": 0.048,
        "p99": 0.095
      },
      "pipeline_ms": {
        "p50": 0.073,
        "p95": 0.34,
        "p99": 0.497
      }
    },
    "medium": {
      "files": 40,
      "lines": 3198,
      "canonicalize_ms": {
        "p50": 6.21,
        "p95": 8.468,
        "p99": 9.736
      },
      "lex_ms": {
        "p50": 3.674,
        "p95": 6.672,
        "p99": 9.083
      },
      "parse_ms": {
        "p50": 3.502,
        "p95": 6.126,
        "p99": 6.707
      },
      "lower_ms": {
        "p50": 0.462,
        "p95": 1.237,
        "p99": 1.843
      },
      "pipeline_ms": {
        "p50": 13.601,
        "p95": 22.18,
        "p99": 24.968
      }
    },
    "large": {
      "files": 1,
      "lines": 355,
      "canonicalize_ms": {
        "p50": 0.393,
        "p95": 0.774,
        "p99": 0.95
      },
      "lex_ms": {
        "p50": 0.246,
        "p95": 0.289,
        "p99": 0.825
      },
      "parse_ms": {
        "p50": 0.285,
        "p95": 0.317,
        "p99": 0.587
      },
      "lower_ms": {
        "p50": 0.019,
        "p95": 0.024,
        "p99": 0.029
      },
      "pipeline_ms": {
        "p50": 0.947,
        "p95": 1.451,
        "p99": 1.644
      }
    }
  },
  "lsp": {
    "small": {
      "files": 1,
      "lines": 9,
      "initialize_ms": 72.4375,
      "hover": {
        "p50": 0,
        "p95": 0,
        "p99": 0
      },
      "completion": {
        "p50": 0.404520500002036,
        "p95": 0.7006167000006824,
        "p99": 0.7734569400011969
      },
      "diagnostics": {
        "p50": 0,
        "p95": 0,
        "p99": 0
      }
    },
    "medium": {
      "files": 40,
      "lines": 3198,
      "initialize_ms": 80.77270900000076,
      "hover": {
        "p50": 0,
        "p95": 0,
        "p99": 0
      },
      "completion": {
        "p50": 0.3610000000007858,
        "p95": 0.9714292000011473,
        "p99": 1.289519440004806
      },
      "diagnostics": {
        "p50": 0,
        "p95": 0,
        "p99": 0
      }
    },
    "large": {
      "files": 1,
      "lines": 355,
      "initialize_ms": 81.69516699999804,
      "hover": {
        "p50": 0,
        "p95": 0,
        "p99": 0
      },
      "completion": {
        "p50": 0.2961875000037253,
        "p95": 1.2807165500016704,
        "p99": 1.4862769099978324
      },
      "diagnostics": {
        "p50": 0,
        "p95": 0,
        "p99": 0
      }
    }
  },
  "thresholds": {
    "parse_p50_ms": 30,
    "greet_pipeline_ms": 5,
    "lsp_hover_p95_ms": 100,
    "lsp_completion_p95_ms": 150
  },
  "passed": true,
  "failures": []
}